0,1,2
0.022416900666666666,-0.006931238999999999,0.0014332819000000003
0.0012464470000000001,-0.03233136466666667,-0.008308956499999999
0.007941831846666665,-0.015190798666666666,0.0024748601333333333
0.0034450145999999995,-0.0089936721,-0.0033548990666666667
0.008248137466666666,-0.022370459666666665,-0.0043127022999999995
0.023095252,-0.019446594666666667,0.00019251755666666674
0.00011556070000000075,-0.030632369499999996,-0.0106682345
0.023329274346666668,-0.026515713766666667,0.0020378928333333337
0.008880139,-0.007732068333333334,-0.004740564533333333
0.023150809613333333,0.009836443166666667,0.0064638034
0.02298509,-0.025303854866666666,0.0013383617666666667
0.017331343326666665,-0.020714034,-0.0034304666666666664
0.041089232333333336,0.0009691082283333334,0.0037382242000000006
0.00020332533333333332,0.006182800013333333,0.003412566133333333
0.005623526833333333,-0.028576765466666664,-0.0013356570666666664
-0.0011496326333333335,-0.014570472666666667,-0.0034780928666666663
0.011272765666666665,-0.012628036466666668,-0.0038485931333333335
0.006275903166666666,0.0069901505,-0.0014311855333333338
0.020128479433333332,-0.006563435066666667,-0.0006517347566666667
0.018923475443333334,-0.0006330616000000001,0.005269208566666667
-0.004208676933333333,-0.014716457799999999,-0.0029333667333333335
-0.0037825017999999996,-0.006573151300000001,0.0015630117833333335
-0.0004831896833333328,-0.00013545966666666685,0.0025070817666666668
0.012406115,-0.004218685400000001,-0.00399495546
0.05242199333333333,0.0113847019,0.005768238166666666
-0.006081941666666667,-0.011628241999999999,-0.0059590385000000004
0.020669952666666665,-0.0016760169333333332,0.004637650966666667
-0.004141053666666666,-0.022714556666666667,-0.005991895866666667
0.002899429766666666,0.0028393100666666664,0.00140886404
-0.013245286666666667,-0.019301051,-0.011653927333333333
0.011531708333333335,-0.007151648,-0.0030400255666666667
0.04291530400000001,0.0038437731999999996,0.0110861239
0.010397287,-0.014153190266666666,-0.0072715937
-0.003562245133333333,-0.0037074555,-0.0028313664
0.0095555775,-0.028301646666666666,-0.0077618322333333324
0.03903480533333333,-0.010807273333333334,0.0029844337999999997
-0.006344127499999999,-0.016902768199999998,-0.0050966375
0.014835436333333334,-0.01871504133333333,-0.003530625022
0.020923356333333334,-0.023310276666666668,-0.0037624829333333335
0.031848100666666664,-0.0012846537333333328,0.0062233051
0.03086211766666667,-0.0123537565,0.007885101933333333
0.0068452588,-0.017874844233333336,0.003699511636666667
-0.009730202666666667,-0.009143618733333332,-0.002550174633333333
0.046254191666666666,0.009285729266666666,0.009461952466666665
0.010673264666666668,-0.020368352333333336,-0.004072263803333333
0.047110436,-0.0026276832333333336,0.004317098399999999
0.024502717000000004,0.007186798733333334,0.005017175666666667
-0.009851253566666668,0.0026263850666666667,-0.006241672733333333
0.036448011,0.0015258251,0.0013083154
0.022304973000000002,-0.0016123715,0.0026629445
-0.010229780666666665,-0.017932258666666666,-0.010330178133333335
0.042437534666666665,-0.005868143966666669,0.0030208648
0.036877470333333336,0.013721906333333334,0.0036009776133333333
0.021269412,-0.009598872766666667,-0.003165808133333333
-0.010413694533333332,0.0018751484399999999,-0.0032366623333333327
0.008356646333333334,-0.002281925166666667,-0.0019781474999999997
0.028211474,-0.0021889422000000006,0.008055271293333334
0.03596087666666667,-0.020167343823333333,0.00040711723333333337
0.0165741747,-0.0092335699,-0.003532929066666667
-0.017834918,-0.03666028066666666,-0.014804843666666666
-0.0007988453666666669,-0.005985204666666667,-0.002171178666666667
0.021322743,-0.0021911926766666665,0.0003422156000000001
0.02536069173333333,-0.018417652066666665,0.006324179199999999
0.006748807266666668,0.004171885613333333,-0.0014612855566666666
0.011122938333333332,0.00802109507,-0.0026899858466666662
-0.023250830333333333,-0.013648470466666666,-0.007137094633333334
-0.009884089666666667,-0.021908001866666665,-0.007552269233333333
0.025494024666666667,0.003537084566666666,0.0022592955
0.009125751833333333,-0.012002556610000001,-0.008259884276666666
-0.005320304333333334,-0.030369787999999998,-0.007805427321
0.01993383266666667,-0.0050539726000000005,0.0006632253000000001
-0.004251608333333334,-0.00104489397,-0.00209680223
0.013134388000000002,-0.005537453933333333,-0.0013237053866666665
-0.0018575851666666674,-0.0091265709,-0.002922031166666667
0.0204871968,-0.008171323999999999,-0.0002909554666666667
-0.008549775333333334,-0.003817957958333333,-0.0058696938333333325
0.002431337333333334,-0.011831639266666666,-0.007628598793333333
0.024831699333333332,-0.00048035273333333375,0.0031653661666666663
0.006352065800000001,-0.005083495033333334,0.0049524964333333334
0.02995279666666667,-0.014778336866666667,0.0022542057
0.013918212933333333,-0.010973435200000001,-0.0013038837333333331
0.014277208459999998,-0.015497475566666667,0.004043584056666666
0.018134766533333332,-0.009696617966666668,0.005421891566666667
0.020041354600000002,-0.0077526172999999995,-0.004652492833333333
0.028183512000000004,-0.014218108333333333,-4.509586666666659e-05
0.015319082923333333,-0.024063269999999998,-0.003096725083333333
0.04133184966666666,0.011584560233333333,0.009355500633333333
0.016674367699999998,0.013224208766666667,0.004611294533333333
0.0017041959333333335,-0.005829432,0.0023363134510000004
0.026284639000000002,0.004169467033333333,0.0023573966233333336
0.021760984333333334,-0.009623361833333333,0.0026660705999999993
0.012086957759999998,-0.0163975691,0.00251787805
0.021923525566666668,-0.0025063361666666675,0.0071839865
0.0081063829,-0.024570522333333334,-0.00028536933333333316
0.031668331,-0.002803261333333333,0.005752615200000001
0.0101612324,-0.001175206,9.72952000000005e-05
0.053100952,0.0032671913333333336,0.0051301528333333336
0.031225318266666663,-0.013061465333333333,-0.0007500049666666671
-0.015386051133333334,-0.024524083666666665,-0.012943564133333333
0.025215193666666663,0.013035579966666667,0.005504891333333334
0.017899036400000002,-0.01638320488,0.0007806762466666667
0.0039195941,-0.013764075600000002,-0.005405160166666667
0.0002554460933333334,-0.015436479000000001,-0.0011737231999999998
0.027321069000000003,0.00026102333333333336,-0.0016294231666666669
0.003699310386666667,-0.015557652666666666,-0.004284534466666667
0.025348452333333337,-0.011198254006666667,0.004357898999999999
0.032251766466666665,-0.011355043799999999,-0.0021113801000000004
0.009211674533333334,-0.007104193500000001,-0.0008380075566666667
0.0279732951,-0.009402617,0.00339453411
0.022068342,-0.006076388033333334,-0.00116200318
0.012845182866666666,-0.010662068453333333,-0.005078014206666666
-0.0007141193666666667,-0.012711483866666666,-0.0075884956333333335
0.015855131433333332,-0.008903864489999998,8.914209999999999e-05
0.024849322666666663,-0.019965409666666666,0.0007259366000000001
-0.006736549233333333,-0.030938163666666667,-0.007385672100000001
0.009886492633333334,-0.024887800443333333,-0.004395555733333334
-0.005143647466666666,-0.020302175466666666,-0.008498888633333333
0.0024531543333333344,-0.020387582666666668,-0.0011076168333333327
-0.007274518033333334,-0.006434978833333333,-0.003859053226666667
0.0208025822,-0.017221910333333333,-0.0010801401000000005
-0.003616416333333334,-0.0002874975666666667,-0.0030231055266666663
0.013479703,-0.022495670333333332,-0.005118333833333333
0.011403173933333332,-0.0196650705,0.0006935372666666667
0.0188945713,-0.02278157733333333,-0.0023682761533333333
-0.018493441,-0.022857058833333332,-0.011725773
0.019636732033333337,-0.010441489466666667,-5.999956666666653e-05
0.011072709666666666,-0.006921909666666667,-0.0009655328333333333
0.018756942333333335,-0.009256239099999999,-0.002450743733333333
-0.004907911166666667,-0.006009671000000001,-0.00010983850000000014
0.03142621466666667,-0.010781337766666668,0.00559107
0.009913957333333332,-0.026236770000000003,0.00047494726666666664
0.01946806133333333,-0.012074390333333332,-0.0038652666333333333
0.026654412720000003,-0.0092872093,-0.0032151809666666666
0.026156441833333335,-0.021136504266666665,-0.0004830588000000006
0.06516120733333333,-0.0074262948,0.006683994733333333
0.015520335333333331,-0.008133124666666667,-0.0059099748666666665
0.010255195833333333,-0.02087168556666667,-0.00375330909
0.040432123,-0.015901137033333335,0.0010133320999999999
0.0008315527463666667,-0.009179050261333333,-0.0013739864999999997
0.015864739466666666,-0.008397454366666666,0.007526026716666666
0.006870693999999999,-0.0040339892,0.002959412433333333
0.0091491909,-0.020693083,-0.007517115033333334
0.034502447666666665,0.009615012099999999,0.008804435233333333
0.013398856333333334,-0.008778626866666667,0.0007794294666666667
0.0179211551,-0.027536951,-0.0029920928333333333
-0.029802130333333333,-0.013774863413333333,-0.00486242849
0.011224085723333332,-0.013546689333333336,-0.007005385110000001
-0.005215653033333333,-0.016513611633333335,-0.0017370385366666666
0.0047380266,-0.0200074295,-0.0029895787000000004
0.005450827933333333,-0.010184802833333333,2.5278300000000063e-05
0.01756458,-0.013902734666666666,-0.0050862789666666665
0.011282440666666666,-0.010710783533333332,0.00018449960000000007
0.024807493533333332,0.00037338384666666644,-0.0018736311766666665
0.030151335999999997,-0.020877797566666665,-3.56907333333333e-05
-0.0063391905666666665,-0.02145097813333333,-0.007306840166666668
0.007418596666666666,-0.012327858816666667,0.0021294797666666664
0.009913048699999998,-0.020246605333333334,-0.0031845325666666666
0.0007749568999999996,-0.0017612289999999996,-0.0015630507666666669
-0.005674886246666667,-0.004453977966666667,-0.007149140230000001
0.014051932333333331,0.012824448833333335,0.0017853094066666668
0.019943049433333332,-0.004237395566666666,0.0044641495666666664
0.020075105899999997,-0.005005480366666667,0.0010442693666666664
0.049113547333333334,0.009481235166666666,0.0075779615333333335
0.008697281,-0.01581677942,-0.000522123333333333
-0.0065204088099999995,-0.0102292744,-0.002128227166666667
0.01743322998666667,-0.028890872666666664,-0.005664372
0.0037847376500000003,-0.013705768666666665,-0.0019158312
0.0021704599666666664,-0.010629656199999999,-0.006006883466666667
0.023506038033333333,-0.010634129333333332,0.0006499839500000004
0.03435029966666667,-0.002248073999999999,0.0014705377433333333
0.031626989,-0.010637796666666666,0.003553825333333333
0.004963459966666666,-0.0017578853666666667,-0.00020263060900000004
-0.014766990333333334,-0.009077833566666667,-0.009019986866666668
-0.009563223666666667,-0.034117636,-0.005380063566666667
0.02144427756666667,-0.007703847999999999,0.0004372152666666665
0.0086821428,-0.019204360766666668,-0.0037359352000000006
0.010267215666666668,-0.014562199899999998,-0.005189956533333333
0.0247625461,-0.02175899766666667,-0.0006535272999999998
0.009022579099999999,-0.0105815739,-0.003776704213333334
0.032164478,0.006529806166666666,0.005563854799999999
0.031244197,-0.009330724766666668,0.008457168433333334
0.0023677054,-0.0016713601,-0.0069980818
0.017360592666666667,-0.0047252781,-0.0016378662333333335
0.04342219133333333,-0.009792668999999999,0.003676489433333334
0.0247869322,-0.014220858466666667,0.0005984475666666669
0.0002288162333333333,-0.0046257849,0.003306573566666667
0.04349274853333333,-0.012608861733333332,5.238086666666669e-05
0.0184856695,-0.0054217768333333334,0.004410453833333334
-0.010553259466666666,-0.017706781199999997,-0.007440660066666667
0.01821055066666667,0.0015976004066666667,0.0038021143333333333
0.029007538333333333,-0.0043675435,0.0002026404666666664
0.005534166166666667,-0.02398233,-0.0036674706666666667
0.024463977999999997,-0.02977434633333333,-0.003034850783333333
0.009096875356666667,-0.003587878666666667,0.002731595976
0.05081476493333333,-0.005079274000000001,-6.725712333333367e-05
0.03326601133333334,0.010977247233333334,0.0035799075666666665
0.004581472033333333,-0.015701356333333333,-0.00011168986666666655
0.0143561662,-0.0025729466666666667,0.0022844911666666666
0.04292224766666667,0.01773609766666667,0.00627541145
0.040685246,-0.020171391,0.0030588935083333334
0.030556663666666668,-0.013547903,0.0075661227
-0.012791955433333335,-0.018632239766666666,-0.005507559333333333
0.045068824333333334,-0.003413857666666666,0.009394184
0.02328810016666667,-0.020419865333333332,0.0027430225666666666
0.03981829433333334,0.0025160317999999996,0.007147717433333332
0.010458871219999999,-0.006693283933333333,-0.0027585613333333332
-0.016179187299999998,-0.0012729153333333328,-0.0031185479000000005
-0.008592576999999999,-0.029753691666666665,-0.011397836333333335
0.04006283633333333,-0.00015211925666666683,0.002421946733333333
0.005796117,-0.013034231666666667,-0.006758990666666666
0.0009126583333333334,-0.0189103189,-0.0034528105333333334
-0.010588602533333333,-0.036376782579999996,-0.009094343133333333
-0.002355839133333333,-0.0011959845000000001,-0.0022938004
0.016632041666666667,-0.03695024,-0.005110604699999999
0.02120568466666667,-0.015600098833333333,0.00024457649999999956
-0.014463499466666668,-0.0082006823,-0.0044934444833333335
0.016148829666666666,-0.0072308575333333335,0.0044046122000000005
0.014986858633333334,-0.01970331,-0.0018562404999999994
0.006080817016666667,-0.012799709033333334,-0.0007159720666666666
0.020027693,-0.021042144000000002,-0.003932288533333333
0.022291355333333332,-0.0010245105,0.0031524769333333333
-0.0052975429000000004,-0.004693424000000001,0.0017300296666666666
0.005390792133333333,-0.002792860733333334,0.0014477698999999997
0.022304304666666663,0.005874765766666667,0.003114276033333333
0.028027682999999998,0.011018164733333334,0.0058813499
0.0072447068,-0.027459185,-0.007143667223333334
0.014525785333333334,-0.024258848333333333,-0.003770198433333333
0.018691476533333334,7.060400000000015e-05,-0.001994607233333334
0.02559055066666667,-0.0017485477666666673,0.005535382000000001
0.009503276633333333,-0.017039105333333335,-0.0006544915666666667
0.01975054866666667,-0.021241014933333333,-0.0016163913999999995
0.01729263656666667,-0.024551297666666666,0.0015132895566666669
0.0236782981,-0.014163271600000001,-0.0022770048
0.016021962333333337,-0.012883285333333333,-0.002687860466666666
-0.015715449333333336,-0.020176356,-0.009844418333333334
0.05192769,0.0051875145,0.018064589233333334
0.01714432063333333,0.0044814623,0.0025267139999999998
0.03513927276666667,-0.008913595833333333,-0.00016859706666666677
0.0032658386333333333,-0.020990472666666666,-0.005225983766666667
0.025358459333333333,-0.015115953333333335,-0.00015445756666666692
0.007859983166666668,0.0022166381433333334,-0.0025248435000000003
0.040534555666666666,0.001432002666666667,0.015573944
0.0160215992,0.0046653550766666664,-0.0006356213366666666
-0.015996448666666666,-0.012998579066666667,-0.008325918333333333
-0.0036387856333333327,-0.0055587121333333335,-0.0005699800766666667
-0.010144712466666666,-0.0015219263333333336,-0.0041628432
-0.005716002599999999,-0.021757378000000004,-0.002537107933333333
0.017158782333333334,-0.0063623368,-0.0023776846000000003
0.024937474366666667,-0.017829252333333333,0.0039020937333333326
0.023479469566666664,-0.02295863366666667,-0.005715320856666667
0.013759301333333335,-0.008695068866666667,-0.0041477106
0.010416205,-0.020258035566666666,-0.002943080266666667
0.035939830000000006,0.015889348666666667,0.005565154433333334
0.0328920635,-0.012202795,0.0068134985333333335
-0.0007531606666666668,-0.008540017433333333,-0.0014706850333333337
0.035795417333333336,-0.0083716249,0.003133464466666666
0.0027115738,-0.007578296300000001,-0.0036813659999999997
0.020363310333333332,-0.005607252566666666,0.0010381101066666667
0.021684117000000003,-0.01580459266666667,-0.0025684464666666674
0.0118350069,-0.012852108,-0.005265805166666666
0.042134128666666666,-0.004944875299999999,0.010241479
0.018187808,-0.0322852,-0.003206656333333333
-0.009740958666666667,-5.344433333333634e-06,-0.005178922233333333
0.028731895666666663,-0.0032788191,0.005917040866666667
0.016193250433333334,-0.039826645333333334,-0.0068158705000000005
0.02757654933333333,-0.012107806899999999,0.005489730679
0.04028466333333333,0.004020488933333333,0.007098478133333333
-0.0118811361,-0.0094155269,-0.004088986376666667
0.03506552599999999,-0.021633836,-0.0008735958899999999
0.006270130599999999,0.0038649136666666674,0.0017134067333333333
0.0049890879,-0.0027784932666666665,-0.0020540974333333336
0.05010278066666667,0.0007424633333333331,0.007390722666666666
0.013088578699999999,-0.015783845033333334,-0.0010912876333333333
0.005569994426666666,0.009720600533333333,0.007018568
0.027721467,-0.0028365198333333333,0.006054657466666666
0.029050879666666668,0.010033334333333333,0.0006450510000000001
0.0205225799,-0.013987649766666667,0.0023784053333333337
0.039393451999999995,-0.016273995,0.0002531271666666667
0.045205578,-0.006469796766666667,0.0117218484
0.019684839,-0.024382814333333332,0.0019485639999999999
0.019906455666666666,-0.016997144166666665,-0.0005829097799999999
-0.0041230037,-0.005544870266666666,-0.0020729414333333328
0.015944984933333333,-0.0077861998333333335,0.0029346326
-0.008126804666666666,-0.03353627966666667,-0.009894330066666667
-0.003152876333333334,-0.0097290725,-0.0055113188000000006
0.03847244466666667,-0.0046291434,0.0032866390666666666
0.025931955333333336,-0.0082498685,7.164566666666612e-06
0.031808124466666664,-0.011505230166666667,0.0036017848566666662
0.012871139133333332,-0.0012197883333333335,0.0037166367
-0.010751249483333334,0.0015763523666666665,-0.0058660074000000005
-0.006503802674,-0.013962875666666666,-0.008572465933333334
0.0079730022,-0.0052538076166666675,-0.003368610466666667
0.016648442333333333,-0.024506686673333333,-0.003501867666666667
0.0037865886666666668,-0.009555571666666667,-0.0018494325666666667
0.02772711233333333,-0.014232667999999999,0.0016975329666666667
-0.0131331252,-0.014481927333333333,-0.0055124607
0.0040445074,-0.006861389733333334,-0.0062438082
0.039810299,-0.005947905999999999,0.0012961065866666664
0.010350730666666667,-0.0027798924666666666,0.0011422668200000003
0.02886005933333333,-0.003909007666666666,0.00366537144
0.011844210333333334,-0.023699989333333334,-0.0008496138333333332
0.019758105666666668,-0.012902837266666667,-0.0026027611666666665
-0.011358607,-0.016327979000000003,-0.007009135866666668
0.03057513673333333,-0.019313403833333336,0.0031002238333333334
0.02102083,0.002773164999999999,0.008597716346666666
0.018100326266666664,-0.025397197666666666,-0.006337984866666667
0.003043730333333333,-0.029973568000000003,-0.0086037517
-0.021239763999999998,-0.013454753833333333,-0.006131873433333334
0.005186858333333333,-0.023834674333333333,-0.009767376466666667
0.027940288999999997,-0.027687239333333336,-0.0006327969199999998
0.038109190333333334,-0.013645054833333335,0.007415938566666666
0.047249873,-0.0008381145999999997,0.010537586
0.0217211741,-0.014664016000000002,0.004021022666666666
0.052743484666666667,-0.0011727863333333328,0.005205816033333334
0.011531006433333333,-0.010281475866666666,-0.0011310545999999998
0.009060618333333334,-0.003000424366666667,-0.0017336793479999998
-0.018096145999999997,-0.005499627606666666,-0.003762237033333334
0.0205057098,-0.0132458844,0.0031579522666666665
0.030913336,-0.010879399666666666,0.005863602999999999
0.0207612205,-0.029409395333333328,-0.003920261766666667
0.0152639209,-0.004243795533333333,0.0006936499733333334
-0.017160110266666664,-0.033730038,-0.009248301766666666
0.017433555066666665,-0.020330130666666665,0.0006418851999999998
-0.0024339573333333323,-0.023924753000000003,-0.009891952099999999
-0.0024600106333333336,0.003912301566666667,-0.0021143501533333335
0.014182935666666667,-0.0009750694666666669,0.0066390259000000005
0.018598889166666667,-0.012452505,0.0021518895333333334
0.0105926832,-0.014606718666666666,-0.0011897304533333335
-0.015277879266666667,-0.0119995779,-0.0031335365666666677
-0.009923216100000002,-0.020171956333333334,-0.007124842833333333
0.00585541881,-0.006042655533333333,0.0022944307653333332
-0.014441378666666666,-0.013436752666666668,-0.009023517
0.05282622333333333,-0.0151184964,0.008111293166666667
0.004316826333333333,-0.02849953853333333,-0.0030982995666666673
0.007930613233333333,-0.0049440470333333335,-0.0046544838666666664
0.026244220000000002,-0.005781600566666666,0.0021757825166666667
0.0034153436666666676,-0.022782456333333336,-0.009783766466666668
0.030773558266666667,-0.009448654466666668,0.0026309863666666663
0.0010914671166666664,-0.022027978666666666,-0.009942040416666667
-0.0006471573333333333,-0.028204000133333334,-0.005187943666666667
0.041188863,-0.0055046980666666676,0.0032634507380000003
0.04008769933333333,0.011373723799999999,0.005196595133333334
0.0032140053999999995,-0.009915971433333335,-0.0030244510666666666
-0.0135774591,-0.01652398206666667,-0.008125817066666667
0.02495156533333333,-0.0072097846000000005,0.0027019322666666664
0.033874548,0.0009718265333333332,0.0063864581
0.011468910833333333,-0.006542326333333334,-0.005031405966666667
0.00043137166666666675,-0.012909184333333332,-0.003379324
0.007985925333333333,-0.005221636666666667,0.0021453280333333332
-0.020719394566666667,-0.007280725193333334,-0.013257907166666666
0.00222325891,0.014176188333333332,0.0038749062666666666
0.020104555,-0.008416592216666666,-0.0042080186
0.0269109979,-0.014363910766666666,0.00195926015
0.024404185,-0.012847290500000002,-0.007446714399999999
-0.008704873666666666,-0.008714959166666666,-0.005956137166666667
0.04262366066666667,0.014968466,0.0062963436
0.009539468403333334,-0.0159913473,0.0019737147
0.020737771333333332,-0.0156822358,0.0020603956666666668
-0.025168681,-0.017818018666666668,-0.007850911
0.0299535542,-0.007042803833333334,0.0005466621333333335
0.021166565199999997,-0.03041513133333333,-0.004895381000000001
0.042103384,-0.012331837233333335,0.001676463283333333
0.03949719633333334,0.01970720133333333,0.0046027244333333335
0.007781409686666667,-0.015784588866666668,-0.0011398059000000003
0.005208351866666666,-0.0026709936333333337,-0.00034385319
0.05331240066666667,0.0015712673333333333,0.010233612266666666
0.034549831,-0.011512825933333333,0.00080517558
0.0044151709,-0.012598073166666666,-0.0018331837
0.0029032962666666654,-0.026921506666666668,-0.011708314766666667
-0.005390236333333334,-0.003347219666666666,-0.005287501099999999
0.024447352000000002,-0.03358907813333333,-0.0040699925
0.003043503333333334,-0.030952355666666667,-0.010150542133333334
0.022238037,0.015063184333333332,0.006592193666666667
0.0015893910000000001,-0.0139121091,-0.007663660633333334
-0.004778299333333333,-0.021144571,-0.009159604066666667
0.007613351933333334,-0.003842869,-0.002693197333333333
0.0057232078666666665,-0.007284518,-0.0016759032666666667
0.004614584333333334,-0.013566382433333335,-0.006012804
0.008623998833333334,-0.0179621865,0.0025959016
0.023061592333333335,0.0055554518,-0.001953394213333333
0.021266288066666666,-0.008132008500000001,0.00015066110000000002
0.026891608433333335,0.0006936390000000006,0.0037974081666666665
0.006452777233333334,-0.010082237766666667,-0.0030605820666666666
0.006748542666666667,-0.013399210966666667,-0.009238155666666666
0.028498379500000004,0.009309271466666666,0.0048596711
0.0096883475,-0.023877210566666668,-0.0019194668533333336
-0.009555078133333332,-0.027840632066666673,-0.006210917266666667
0.02407195866666666,-0.0007823383333333333,0.004026977266666666
0.029204910333333334,0.010954370933333332,0.0117016229
0.05609636766666667,-0.017375639999999998,0.0079056363
0.0034410989999999982,-0.02975035,-0.011970306666666666
-0.009234869566666666,-0.02527359425,-0.007436633033333333
0.06536877033333334,-0.006022421399999999,0.0069357809180000006
0.0070898809000000005,-0.018361526666666666,-0.007510269666666666
-0.003180125233333333,-0.020432225000000002,-0.009143877466666667
0.000871464833333333,-0.016966709,-0.0032588850666666665
0.009692499066666667,-0.028410520666666664,-0.0020753104333333335
-0.011600878,-0.023475548666666665,-0.010778910666666667
-0.009925954566666666,-0.009151286199999999,-0.007344300676666666
0.020998124866666665,-0.012827933833333333,-0.0018167891666666669
0.0051026307,-0.008376167333333333,-0.0073819320999999995
-0.018925210333333334,-0.020536506,-0.010925961466666667
0.005036128466666667,-0.002100293166666667,0.005541770966666667
0.0094880057,-0.016226085766666665,-0.001792013933333333
-0.007915521,-0.019119791333333334,-0.012425098566666667
-0.0016655166666666662,-0.023215005,-0.008922257366666667
0.021459494800000003,-0.011402841333333332,0.0009855688666666664
0.040046786333333334,0.00895895,0.005248999266666666
0.03769669233333333,-0.000998982,0.0046563635
0.03848140566666667,-0.029058984766666667,0.006457850146666666
0.022695632000000004,0.009327338,0.0022159613333333334
0.008802337866666666,-0.008850708233333332,-0.00017738789999999978
-0.0066424205,-0.0190480662,-0.005959252633333333
0.02553578666666666,-0.0146706058,0.0006616492
0.04676954866666666,-0.020249956666666666,0.0037914517666666667
-0.025345768,-0.022426353666666666,-0.016229590999999998
0.007259824166666667,-0.012361665733333334,-0.0035334123333333333
0.014830339100000001,-0.008416276666666667,-0.0010172143000000003
-0.015218249766666664,-0.028349461000000003,-0.013371774266666669
0.04550236366666666,-0.020086334,0.0006281825999999999
-0.0146854858,-0.008738475666666667,-0.0038784556666666675
0.015878685899999998,-0.015266335666666667,-0.004405371466666666
0.0135621312,-0.018563829833333333,-0.0039761003
0.029020079666666667,0.012381370433333335,0.008497319033333334
-0.0006757725999999997,-0.020113188376666664,-0.00030001101333333307
-0.009458782899999999,-0.0079157885,-0.005083158866666666
0.015596177666666667,-0.016425152733333333,-0.0024687700000000008
0.012377195833333333,-0.007447998933333334,-0.0031933303
-0.0088900442,-0.021483366666666667,-0.0051101754
0.030038803333333336,0.009542128966666667,0.005242712366666667
0.003999384933333333,-0.01922845583333333,-0.009680623453333334
0.03166430566666667,-0.021994069933333332,0.005999264716666665
-0.027625345333333332,-0.006273542733333334,-0.0033730825666666666
0.049772916,0.00012832100000000012,0.005213780666666667
-0.01705835723333333,-0.006941377666666666,0.0024706348
-0.008495628666666666,-0.012122356,-0.0039731264
0.03738822666666666,-0.006838062433333333,0.0045758129994866665
0.020357710333333334,0.00794981655,0.005950094033333335
0.0204363095,-0.014612595866666666,-0.0028227796000000003
0.026128027666666664,-0.00951862304,-0.0025860247066666667
0.02214629066666667,-0.006143708366666667,0.011112022499999999
0.01735142066666667,-0.021741647666666666,0.0010714187333333333
0.02041913886666667,-0.015424583,-0.0045139857
-0.006399755480000001,-0.011725711574333336,-0.007791812476666667
0.02379673443333333,-0.006728754900000001,-0.0007091951333333338
-0.0024406796666666675,-0.02796421266666667,-0.01017126976
-0.0011173424666666668,-0.017250730966666666,-0.0051393984
0.010278944333333333,0.0016970615666666664,-0.00011898656666666704
-0.0030258103333333335,-0.012353324633333334,-0.0031535343666666675
-0.004358228433333334,0.0018365340333333334,-0.0024946648000000004
0.005599593999999999,-0.0203583634,-0.0044465496666666665
0.007863528933333334,-0.017450507933333335,-0.007127539016666667
0.011325262364666668,-0.04256148066666667,-0.011509711333333334
0.035739537999999994,-0.017399942666666664,0.00031506560000000027
0.00043735433333333293,-0.0018391077,0.0018458446666666667
-0.011146257666666668,-0.015595289333333333,-0.009759351533333334
-0.010872148746666666,-0.018385082066666666,-0.003635848033333333
-0.0260794845,-0.0179506665,-0.015030555333333334
0.007240026066666666,-0.0010057595,0.002211592033333333
0.008913791133333333,-0.007860029999999999,0.0032325573333333336
0.016016458333333334,-0.021449387533333333,-0.0045241397869
-0.007821560866666665,-0.014574365466666668,-0.0069058666
0.009591750500000001,0.0125338679,0.0022443026433333333
0.017599730333333334,-0.005755428233333333,0.001705215933333333
-0.0029611025666666665,-0.019227689666666666,-0.0023236291
0.008022657883333334,-0.0073854488666666674,-0.0005060740666666666
-0.00170865468,-0.004690613866666666,-0.003724655533333333
0.0097581952,-0.017390777766666667,0.0010101464833333334
0.013874077866666666,0.0045003738,0.0034374540333333334
0.0023774126666666665,-0.023317032666666668,-0.0035131807333333327
-0.0002688519666666662,-0.018413073246666665,-0.006617228266666667
0.03557611783333333,0.0066724896,0.004183515499999999
0.024531281,-0.019329241333333334,-0.0018933024766666663
0.021934411,-0.02562993466666667,-0.006409107
-0.011916587666666666,-0.0168552681,-0.011211634466666667
0.010677078186666666,-0.0223525892,-0.0017421381666666673
0.0007550522000000004,0.009993169066666667,0.006738680699999999
0.019283455866666667,-0.015442525333333334,-0.002634847631666666
0.0075737352333333325,-0.03575669133333333,-0.009739400166666667
0.028630164666666666,-0.008735101666666668,-0.0008038320766666666
0.028117075000000002,-0.004859793833333333,0.005100939166666666
0.0034981284666666668,-0.015259158566666667,0.0016140717333333332
-0.012939441333333334,-0.003631284466666667,-0.008274117800000001
0.0027113478666666666,-0.03124399433333333,-0.005911971193333334
0.014523556433333334,-0.028193894999999997,-0.00547884332
0.013133937666666666,-0.009774561346666667,-0.003652598856666667
0.025939830799999997,0.0032925008,0.0018706036333333337
0.0190794697,-0.0111597117,0.002677591033333334
0.027380364666666667,-0.010669071666666667,0.0023541348333333337
-0.0031393082333333335,-0.020389569466666667,-0.0101612414
-0.0013674991,0.0002209436933333341,0.001909076433333333
0.010268621566666665,-0.026756666666666665,-0.00043918490000000005
0.023273029666666667,-0.01971594864333333,0.0018802315000000002
0.01990898716666667,-0.0062604005,0.0004496362
0.010086677666666667,-0.034354259666666664,-0.011296277133333333
0.0027091692,-0.013980793,-0.0035882949999999996
0.02676467744533333,-0.003975088733333334,0.0029663218
0.001701612266666665,0.001512746233333333,0.0013009166666666666
-0.005904186499999999,-0.01888296266666667,-0.008458016666666667
0.018055033333333335,-0.015052504333333334,-0.0016594744000000001
0.011034055473333332,-0.019166263,-0.005862976446666667
0.01962765333333333,-0.00041428173333333315,-0.006946670499999999
0.020821987333333333,-0.031572914,-0.0026764471666666668
0.0022072629333333336,-0.0055812769666666665,0.0009029853353333337
-0.0206776642,-0.011537225333333333,-0.009766247433333331
-0.0230434484,-0.0033787746,-0.006437465333333333
0.021415056050000002,-0.016418939433333335,0.0005329601333333335
0.026189942333333337,-0.0038362913333333335,0.006698930133333334
0.005440866999999999,-0.021653091,0.0033138706666666668
-0.006507581633333333,0.0012354377999999992,-0.006909608500000001
-0.017302803333333335,-0.015753352,-0.012433556
0.021689323733333335,-0.0185077069,-0.009092025883333334
0.040379407,-0.00304785455,0.005494046666666666
0.021293038,-0.029298131396666666,-0.005230773633333334
0.023547428333333332,-0.015106149666666667,-0.00035458939999999964
0.03945534466666667,-0.0163674471,-0.0036473259466666664
0.022764452,-0.0078963211,2.6439786666666767e-05
0.026939791700000004,0.005248439333333334,-0.0051607546
0.009680875233333332,-0.019345888333333335,-0.0033320586333333325
0.030231795833333335,-0.004483125,0.0008816951333333335
-0.0005292836000000001,-0.0015499174333333335,-0.003567788066666667
0.018779347433333333,-0.011086967833333336,0.002526026356666666
0.010854461666666667,-0.015167501883333332,0.0026064216
0.02674663366666667,-0.011783368,0.0019456975333333331
0.00985081419,-0.021530661666666662,-0.0078179461
-0.011952486166666665,-0.02256944276666667,-0.006919321199999999
-0.019222568666666665,-0.022560169666666668,-0.0060387778
0.018369199,-0.0053230875666666665,0.007811793066666666
0.036190738666666666,0.004438189666666667,0.013716974000000002
-0.014758559266666667,-0.00011587366666666644,-0.00013196443333333353
0.012910537466666665,-0.016510354666666668,0.005918103966666667
0.01848674073333333,0.008101045566666666,0.0034253263666666665
0.006010758366666666,-0.014531193666666666,-0.0027163284
-0.002718090666666667,-0.010574991333333334,0.0006937823000000004
0.0015818651666666666,-0.01958453,-0.0007449180000000001
0.02939670633333333,-0.0046163974566666675,0.005390839546666667
-0.009769303233333334,-0.016092461666666665,-0.006374024733333333
0.046153756666666663,-0.0021034350000000003,-0.0013669418666666666
0.005092130100000001,-0.018781376333333332,-0.009241487100000001
0.00346025114,-0.010177022333333332,-0.007261142333333332
0.021202508563333333,-0.0084849939,0.00801361056
0.009315762933333334,-0.0005647373333333323,0.006667376
0.028331012086666673,0.00216487704,0.006211678200000001
0.010581448966666665,-0.017902538166666666,0.0005687257999999999
-0.02069835483333333,-0.02564759533333334,-0.016109174666666667
0.039079153666666665,-0.0040380418566666665,0.007420136366666667
0.018163178666666665,0.003040771,0.0038996834333333333
0.027906149666666668,-0.002213718633333333,0.006934996
-0.015614751333333335,-0.0033824116,-0.004272246576666667
0.0134098643,-0.0025934339666666673,0.0017252223666666666
0.008423871333333334,-0.028941588333333334,-0.007027751435666667
0.026917364,0.0025143396666666667,0.004036619266666666
0.0124858411,-0.020055298666666665,-0.0028926190000000004
0.025824190999999996,-0.00599926,0.001363274033333333
0.037468687333333334,-0.00048358737666666656,0.0044297504
0.0140235648,-0.021588208666666667,-0.005683286633333333
0.00573697162,-0.0046657988999999995,-0.0012562925156666665
0.023583758399999998,-0.019911831666666668,-0.00156704592
0.008465018533333334,-0.016020678833333333,-0.0010113251666666668
0.02173366213333333,0.019098780666666666,0.001404293928
0.041256087999999996,-0.017800398366666668,0.006332199300000001
0.048181914,-0.015151586366666666,0.009569221586666668
0.015763450466666665,-0.028334823666666665,-0.0012266007666666663
0.0089871049,-0.017375220833333333,-0.0028868423
0.0043671702,-0.006635706666666667,-0.003546534966666666
-0.0025644381566666667,-0.0026912458,0.0013793854333333333
0.005134997233333333,-0.036136690666666665,-0.009525669933333333
0.007021694033333334,-0.009499721546666668,-0.0035388642666666667
0.0027465654999999996,-0.020690669133333336,-0.004910178689
0.0273545895,-0.0012726853666666668,-0.00011388131333333332
-0.013918104666666667,-0.0063256664,-0.013126542766666666
0.041500225,-0.012324573433333333,0.0033993821666666664
0.024927694333333333,-0.019191036666666668,0.0005489129333333333
0.01748538671,-0.018811084183333333,-0.005096451016666666
0.03695603,-0.015191208333333333,0.005414988133333334
0.015776279733333332,-0.0150546281,0.0024186869999999997
0.013239771766666665,0.0028996922866666667,-0.002067455466666667
0.01199432116,-0.00018852653333333315,0.0005322785666666668
-0.004390281933333334,-0.01826160216666667,-0.0063013946666666655
0.0007332323999999999,-0.0014643820000000002,0.0006055365000000003
0.03393238966666667,0.00033586066666666604,0.006044730366666667
0.022913492666666663,0.0003383458,0.0012916583133333335
-0.008172037833333333,-0.010577311833333334,-0.0054791181
0.012114266,-0.014778606149999998,-0.0026646185339999997
0.031698567000000004,-0.007969268333333333,0.0006251166666666665
0.004192837666666667,-0.024005516333333334,-0.004136244333333333
-0.0019842154333333333,-0.004747947436,-0.00517310465
0.010968682133333333,-0.007892117,-0.004084038933333333
0.001496665806666667,-0.014658972,-0.004392380116666667
0.007680271666666666,-0.01839876723333333,0.0018670447500000003
0.04337563133333333,-0.007060232533333335,0.0045458293333333335
-0.01636628684,-0.032469813800000004,-0.0096301214
-0.011859783466666668,-0.005932752266666667,-0.007919013833333334
0.020001084766666666,0.0013332771666666667,0.003986414166666666
0.012920902333333333,-0.011889422000000002,-0.001630950133333333
-0.0046706706666666655,-0.016587991333333333,-0.005332255050000001
0.012993283100000001,-0.009772824266666667,-0.0006813875333333332
0.013560731,-0.0158032969,-0.0023457614333333332
-0.010570208266666667,-0.014733455666666668,-0.0063468046666666665
-0.007230636123333333,-0.0046266913,-0.00019090873333333334
0.0077334977666666666,-0.01568197483333333,-0.0018187587666666667
0.015688532,0.007634623533333333,0.006529678
-0.005208089933333333,-0.026668588166666663,-0.010230125278
0.006495430333333334,-0.028592490666666665,-0.008888002933333333
0.010921216999999999,-0.010480015216666666,0.0012128201333333332
0.024883871333333335,-0.021476296866666664,0.0025852648666666667
0.010910297533333333,-0.020283070333333333,-0.006309572366666666
0.014619940233333331,-0.019170258833333332,-0.003388222353333333
0.025726026333333332,-0.009322145,0.002056509
0.009018862966666668,-0.025108237000000002,-0.0033170409
0.020122211666666667,-0.022957198666666664,-0.0029552086999999998
0.009373151000000001,0.001984851933333333,0.0034587076533333337
-0.008900273866666666,-0.029272955333333333,-0.012469316333333333
0.015152960466666665,0.0006958845333333328,0.0048963806
0.0087655316,-0.009375731566666668,0.0014926401333333332
-0.001805794933333333,-0.0086976381,-0.00044465946666666655
0.015298226633333334,-0.011228093666666666,-0.002375312233333333
0.008379559466666667,-0.027279851666666664,-0.0027833080666666665
-0.005685404000000001,-0.003381568833333332,-0.007052063533333333
0.017440433,-0.017559478,-0.005827762900000001
0.015258281866666668,-0.01660125486666667,0.0009727683666666667
0.004277267233333333,-0.030591658000000004,-0.0069880747
0.025950617566666667,-0.0187100708,0.002605994233333334
0.002113834533333333,-0.008578098121333333,-0.005755192116666666
0.0022281091,-0.009875940366666667,-0.005259322766666667
-0.009304145243333332,-0.0052798469,6.254403333333337e-05
0.023645235833333333,-0.00019037366666666637,0.005199353266666667
0.04017341033333333,-0.010328684333333333,0.007568601033333334
0.01825238933333333,-0.0144267866,-0.003805260366666667
-0.018599816333333335,-0.0038425041666666666,-0.0043025192666666665
-0.005856272,0.002998027,0.0013780866333333336
0.024236009550000003,-0.007413984833333334,0.0023600585333333336
-0.004393022766666667,-0.016787117666666667,-0.009203314833333332
0.024887387900000002,-0.004856469266666666,-0.0035912740666666667
-0.019744211666666667,-0.0043886568809333336,-0.009569900433333334
-0.006605674833333332,-0.027572735333333334,-0.010352942333333332
0.026453756133333336,-0.010673578333333334,-0.004724283
0.016246602133333333,-0.008782415833333335,-0.0002677499466666666
0.016896401333333335,-0.0022926802333333336,0.0042085226666666664
-0.002200104446666667,-0.0038571255666666666,-0.0002577990333333332
0.027590381666666667,0.0013399843999999997,0.0037194358
0.053075116666666665,-0.018352376366666666,0.004422053333333334
-0.008953445666666669,0.006565820766666667,-0.006227496999999999
0.0079304747,-0.0088261215,-0.0024680658333333335
-0.0037632876666666665,-0.016898621,-0.003615697333333334
0.013821542833333334,-0.009813427233333333,-0.0018461183999999998
0.028772649600000002,-0.027978146666666665,-0.0009253266
0.031185899,-0.013855936166666668,0.000931651666666667
0.0235804725,0.006408479666666665,0.012161604933333334
0.028754867233333332,-0.020099064000000003,-0.004193227415333334
-0.009962045933333332,-0.0024150597333333335,-0.005142125268
0.0073677434499999995,-0.017087243333333335,-0.0012886575000000007
0.01751443546666667,-0.024475278,-0.0006474649000000002
-0.0025927036666666668,-0.01869280766666667,-0.006311459356666666
0.003358971966666667,-0.016225379666666668,-0.004852231166666666
-0.006738752133333334,-0.01764644933333333,-0.005401729
0.006128904133333332,-0.006964179466666667,-0.0013814058666666666
0.011011631,-0.009449424900000001,-0.0019171987333333335
0.024980464999999997,-0.010643755333333333,0.0017068678000000002
-0.013320384666666666,-0.0114471993,-0.007592584266666667
0.014376839033333333,0.0032088046666666667,0.005599678933333334
0.015738329533333335,-0.028356282666666666,-0.008804992766666667
0.030247216333333337,-0.016571244666666665,0.0019935213333333334
-0.009373671666666668,-0.0010832576666666668,-0.0016777711
0.034337219999999995,0.0010537277666666667,0.0030270218300000006
0.015324424600000002,-0.0022378181,-0.00032313191466666673
0.013928925949999999,0.0015645589999999994,-0.00515157156
0.007593292666666667,-0.011348700993999998,-0.001474760433333333
0.0116090186,-0.018486081833333334,-0.005733190733333333
-0.02051132276666667,-0.021822973166666666,-0.009080822833333333
0.04313013333333333,0.0071327747666666665,0.004824344566666666
0.023038411999999998,-0.017510928666666665,0.00274765632
0.006141125999999999,0.014887559666666666,0.0027722099333333332
0.0132433,-0.03594597333333333,-0.005391004300000001
0.0101397226,-0.017954790033333334,0.000985113
-0.005147207133333334,-0.007837878633333331,-0.004017832333333333
0.016189750506666666,-0.009764145866666667,0.00406296102
0.0010898965666666666,0.0029740170000000002,-0.0033677850000000003
-0.014686371774,-0.013953991200000002,-0.003530837
0.072197109,0.0065120099999999995,0.0143885959
0.03821367366666667,-0.003572384666666666,0.0102056467
0.03258325166666667,-0.005107100833333334,-0.004316686583333333
0.013773930666666665,0.010465719933333333,0.0021523897
0.001494270533333333,-0.010532214943333333,-0.0044747334333333335
0.030686845,-0.019927697900000003,0.00431005557
-0.0038966333333333336,-0.022073671666666666,-0.0036235312000000006
0.005530017666666667,-0.021969700999999998,-0.0011178982333333333
0.028849620566666668,-0.019171100666666666,0.0029449279
0.016000389966666664,-0.013891155333333334,-0.002352321866666667
0.0304633439,-0.007167238933333334,0.008769248666666667
0.0013623854999999993,-0.01942794856666667,-0.0005610959666666665
0.0045287786333333335,-0.007198217166666666,-0.0035954988666666667
0.012530931633333332,-0.026391531666666666,-0.008041253733333333
0.009525672533333333,-0.002504931266666667,-0.0002565833333333332
-0.008164419,-0.031666732999999996,-0.009293849799999998
0.0121303996,-0.021902676333333333,0.00013778896666666695
-0.019676560666666666,9.971440000000045e-05,-0.0046887477
-0.007571715666666665,-0.019495709333333333,-0.008228845353333332
0.024168215933333334,-0.0021154864766666664,0.00046704495333333335
-0.0070632545,-0.013783120666666667,-0.003962648566666667
0.013903774533333335,-0.007958931399999999,-0.0003246704666666667
0.008538402366666666,-0.009157712666666666,0.0008074992666666664
-0.010515240066666667,-0.0020330864933333337,-0.007326686333333335
0.01627783866666667,-0.0018978838333333333,0.0020643675666666664
0.049638171,0.0088151136,0.011017010333333332
0.018406802666666666,-0.015431828633333334,0.0039988983
0.018844764,-0.016635644966666665,0.0016486483690000004
-0.0015947909666666666,-0.008203937066666667,-0.004240335166666667
0.013592117666666667,-0.02229444321,-0.0015524513666666667
0.036252449,-0.010718857166666667,0.0038514962700000005
0.0165800351,-0.007875040666666668,0.0017147155333333338
0.019315187933333335,-0.021489285666666667,-0.007265033
0.018588263353333332,0.005541764333333333,0.0021034806066666666
0.0194954858,-0.0004183240666666667,0.0001141916666666665
0.010881069633333332,0.0012410416333333335,0.004669008933333334
-0.001690602,0.0005873315333333332,-0.0012044349999999998
0.042114668,0.003912010333333334,0.007941531766666668
-0.0019068615,-0.0013863487333333334,0.004340954766666666
0.0192815003,-0.027164962,4.951160000000026e-05
0.025539894999999996,-0.02085514605,0.0011710840000000002
0.036426449666666666,-0.0022046863333333327,0.006542288333333333
-0.010508987513333333,-0.0045929278666666665,-0.0038362934666666664
0.042242813,-0.0047528679999999995,0.004459491233333334
0.004702334,-0.02551524566666667,-0.0073450422666666675
0.0010724890166666666,-0.021492609,-0.005580411350000001
0.0263082261071,-0.005224980666666667,0.004479437833333333
0.00026007011666666645,-0.004602661599999999,-0.0010475764333333336
-0.00037770253333333355,-0.012474534533333331,-0.006638096333333333
0.003931774733333333,-0.020928014666666665,-0.004842650333333334
0.035730394,0.014081818000000001,0.0032514352999999997
0.004309209166666665,-0.025219820333333334,-0.004599275066666666
0.016947405633333332,-0.011463618700000002,0.0031563476999999993
-0.0068072513333333326,-0.015509704249999999,-0.012601560333333333
0.027446714,-0.023245150133333333,-0.003156515433333333
0.03507121366666666,-0.023277382333333336,0.0002571172499999999
0.018521357966666666,0.0003458326666666677,-0.0007510124000000001
0.028550132666666662,-0.007898283333333334,0.0033036173333333336
0.04760724933333333,-0.0031527935249999997,0.0021474956233333334
0.036901899,-0.019006054966666668,0.0047536262966666664
-0.007661027333333334,-0.012264919666666667,-0.011822571333333332
0.034313849333333334,-0.0036915400999999997,-0.00032641776666666664
0.015161136666666667,-0.026514792,-0.005568439816666667
0.0072431940000000005,-0.0054021141,-0.0034965946666666668
0.0052825172499999995,-0.01183058446,-0.0008036330433333332
0.015156300433333334,-0.016367298923333332,0.0035978642333333332
0.0116044509,-0.012023559066666667,-0.0015916299500000001
0.0030089219133333325,-0.013805881666666665,-0.0017714823999999997
0.023751351566666665,-0.027848721333333337,-0.0051748631666666675
0.0177265958,-0.01819592,0.0020403825333333335
0.012916254319999999,-0.0124132936,0.0007949006100000001
-0.015262675283333332,-0.015026496,-0.009651879533333333
0.025571118666666667,-0.001991260606666667,-0.002029224766666667
0.04166720566666667,0.007808597333333334,0.0106324296
-0.0005045791666666669,-0.037496140000000004,-0.015069498333333334
0.03365951833333333,0.0019895563333333336,0.008053707200000001
0.028038394333333338,-0.010664628133333333,0.004236850366666667
0.016589873433333333,-0.010161194,-0.0028305003000000002
0.015263128566666668,0.0005381440000000003,0.0021816849333333335
-0.0008425516666666667,-0.022265754333333332,-0.003797753666666667
0.028419671999999997,0.007253483423333333,0.0073602075
0.006800591866666666,-0.013621648,-0.0034117957
-0.019849358666666667,-0.03146068266666666,-0.0099469168
0.016093520666666666,-0.013547386600000001,0.0022333749666666666
0.024984785666666665,-0.0014952234133333339,0.0036022898866666666
0.0022472142333333335,-0.0122242341,-0.0022631554796666664
0.015117376853333335,-0.02114709966666667,-0.00128683084
0.04951396366666667,-0.0028888007333333333,0.003923597133333334
0.010753200533333333,-0.004185905899999999,-0.0085079791
0.023350228,-0.009834840966666668,-0.0005759526666666669
0.0145901749,-0.0091701532,0.00013319724333333327
0.009794876333333334,-0.017510646166666668,-0.0023735763333333332
-0.0001547938666666661,0.018069782566666668,-0.00060599942
0.004935762666666665,-0.008340079266666666,0.003482902376666666
0.014148277533333331,-0.009806907,-0.0021672556666666666
-0.0014738599333333335,-0.023196326333333333,-0.005960576733333334
0.043361073666666666,-0.007891749466666667,0.003592249
-0.012630063000000002,-0.03938926466666667,-0.016883767666666664
0.0034562611999999996,-0.016256543666666668,-0.00563239818
0.008067740933333333,-0.0232845206,-0.0020565587333333337
0.031967055333333334,0.0053772140533333325,0.0010249157133333333
0.0034089486666666665,-0.0053190050999999995,-0.0023763780666666667
0.021931859499999998,0.008460667133333334,0.0011499491633333336
-0.0092651475,-0.005217057553333334,-0.00017174743333333336
0.009040728333333333,-0.002624961,-0.003542946033333333
-0.01835246726666667,-0.015744422903333333,-0.006701228866666666
0.03058381506666667,-0.014678021766666667,-0.0012768366999999997
-0.007306137399999999,-0.004248087466666667,-0.0064866175
0.010773355466666667,-0.010506602533333334,-0.0011505790433333333
-0.03493342533333333,-0.015227037733333332,-0.011810052
0.04513790166666667,0.0024282192333333337,0.00720199301
0.011851213066666666,-0.005500299233333333,-0.0022902179566666667
0.0133057802,-0.005543943533333334,0.002651146866666667
-0.01967746109,-0.027343469,-0.005294137066666667
0.021846291200000003,-0.004942996933333333,0.0017805226499999999
0.014203848233333332,0.007990301666666666,0.005801885433333334
0.009475354666666666,-0.019466998333333332,-0.00014714316666666663
0.033368156999999996,-0.0012627833333333333,0.005381468099999999
0.02641071966666667,-0.004135552233333333,0.0032274192
-0.004152282366666667,-0.012928085333333332,-0.00014048516666666653
-0.007865183666666666,-0.03599094133333333,-0.010256413333333334
0.0252244811,-0.03180009466666667,-0.0008331824666666666
0.01234391,-0.008879141866666667,-0.0050175182
0.0021874114,-0.009073022500000002,-0.0020458001666666665
0.028002725500000002,-0.0062216436,0.0038210638
0.0217766975,-0.01692589066666667,0.003615362533333334
0.014083498666666666,-0.005418462866666667,-0.0021964188
0.016085513333333332,0.0019155948333333334,-2.1528433333333342e-05
-0.007115840233333333,-0.01950258733333333,-0.012640752333333333
-0.006201140433333333,0.0019282148999999998,-0.002216066866666667
-0.0011226389999999993,-0.027110773666666668,-0.011638713200000003
0.015674277433333335,-0.015110540066666666,-0.0004842384333333333
0.03353338633333333,-0.015235354766666665,0.00336923498
0.017755755333333335,-0.0049109072833333324,0.0007127340333333334
0.038405957,-0.008008353233333333,0.0017250836666666668
0.03756730566666667,0.0018633981999999997,0.004896732966666667
-0.004540574466666666,-0.009443818533333334,-0.006134748
0.0034050286666666672,-0.012665886333333334,-0.00536281824
0.009903286366666667,-0.016896006666666668,0.004540306933333334
0.021435252999999998,-0.011751341483333332,0.0014280345333333333
0.0121967075,-0.023129375499999997,-0.002033164
0.0013901233999999995,-0.0016001844333333331,-0.0034169936733333336
0.009868360999999999,-0.006295651233333334,-0.0004890399333333334
0.028812103283333335,-0.022833516533333334,-0.0035353653000000005
0.019435662433333334,-0.036569995333333334,-0.0033934811866666668
0.021107859333333336,-0.029753240333333333,-0.007225242533333333
0.006605963066666667,-0.006704666000000001,-0.0012703637
0.0014308600000000002,-0.023402764333333336,-0.004471513133333333
0.03902835786666667,0.001022396666666667,0.00811720839
0.0154864792,0.014634633200000002,0.0095922009
0.037095725333333336,-0.006813612269999999,0.0008881226666666665
0.04322852833333333,0.0029304904000000006,0.005870358900000001
-0.009099662466666667,-0.001201969,-0.006358871566666667
0.0014407437666666665,-0.0097432592,-0.0007897834520000001
-0.007378463333333334,-0.013740026466666666,-0.005141044566666667
0.03529189033333333,0.0052389853666666665,0.0020899515666666668
0.004859061666666667,-0.005734681866666667,-0.0007468799333333331
0.028103287333333334,-0.009515542,0.0012981189766666666
0.017757024166666666,-0.015404871766666666,-0.0006584297666666668
-0.011056036,-0.033517502666666664,-0.0082425888
0.02922110723333333,-0.01667958,0.0024679453999999997
0.0169088998,-0.007000039043333334,0.0026875397533333337
0.004093500866666666,-0.0005569065333333335,0.0018079241400000001
0.017269647,-0.007847029333333333,-0.004574851333333334
0.014828091000000002,-0.0027171388299999997,-0.003448489166666667
0.011809797866666666,-0.024078721666666664,-0.0022804644166666663
0.029753741833333333,-0.014538791366666666,-0.0029223367933333337
0.018990725666666666,-0.014527695166666669,0.0026598646000000003
0.02578102733333333,-0.016973037799999997,0.0005145977333333336
-0.010296739933333333,-0.025664283333333333,-0.014107216766666666
0.02569633786666667,-0.01824589,-0.005299598733333334
0.006518158666666667,-0.025820246666666668,-0.005278581666666666
0.028844255233333334,-0.0046651986333333334,0.002537459066666667
0.011055094966666667,0.009498493333333333,0.0010778077
0.015155698556666666,-0.015498728799999998,0.0029454884
0.005725280833333333,0.002504371933333333,-0.006147447246666667
0.016972429333333334,-0.007259293250000001,-0.0023398999666666667
0.026360354,-0.011657449866666668,-0.002264628
0.018236939833333334,-0.032555059000000004,-0.014026756333333334
-0.007699152433333333,0.0024048047666666676,-0.004673202833333333
0.015568870566666665,0.0005780189999999996,0.0007816814
0.009497011116666667,-0.0074425279999999995,-0.0007770259
0.013631623366666665,-0.021351709333333333,-0.004495290833333333
0.0009147420333333345,-0.02043453166666667,-0.0015535409999999996
0.0160820896,-0.0074732830999999994,-0.002651810933333333
0.007740567166666667,-0.016339468,-0.006916390266666666
-0.008074302333333333,-0.0013390337666666667,-0.0032848707133333334
0.010685155,-0.009384426866666665,-0.0017442858909999996
0.03691078066666667,0.0054115336919999995,0.006715821733333333
0.0010590976666666671,-0.012975111999999999,-0.0018927563666666666
0.013914627333333334,-0.0020103858333333333,0.0024618014333333336
0.011306720000000001,-0.012289586266666666,-0.0020250482333333333
0.0014259016666666666,-0.009791461233333333,-0.005005563833333333
0.031703785,0.0011321219999999993,0.008270362266666666
0.014938353116666666,-0.01188149,-0.002876955333333333
-0.017080298666666667,-0.027799973866666664,-0.0030383513
0.008658800730000001,-0.00873907692,0.00043425236666666664
0.008997463466666668,-0.011957207233333331,0.0041993901506666665
-0.002043894999999999,-0.006167117999999999,-0.004175407666666666
-0.012060599433333333,-0.010481760833333334,-0.008661258600000001
0.0009660331666666669,-0.03346606666666667,-0.012458823566666668
-0.012735023,-0.02141539866666667,-0.008839913016666668
0.0163131909,-0.0220793473,-0.0051060409
0.025004154,-0.032522697,-0.001003198633333333
-0.0089486255,-0.03193343366666667,-0.00759669277
0.018047436833333333,-0.019371730199999996,0.0007692864999999998
0.014762977333333335,-0.0011293309,-0.0005565943500000001
0.05203337733333333,-0.0006887930666666665,0.005462448733333333
-0.008867615100000002,-0.0035930095566666666,-0.004525646766666666
0.017848109666666667,-0.004549330533333334,-0.0019984268333333335
0.003315254666666667,-0.015366679566666666,-0.007284442333333333
0.0012077616,0.0039029698666666664,-0.0028073929
0.025838873,0.0121555202,0.0077387587999999995
-0.006660688299999999,-0.0027742965333333335,0.0037100100666666667
0.023755516333333334,-0.011401008533333333,-0.002054757033333333
0.012800158266666667,-0.0038232496,-0.0024748358999999998
0.04445517366666666,0.011614324862666668,0.014949482
0.005737307333333334,-0.019881171333333333,-0.0054962445
-0.0030959081333333336,-0.006613532066666667,-0.005534936166666666
0.0114511878,-0.007841861333333333,0.0016370887999999997
0.011836391566666667,0.002563371333333333,0.0010407526333333333
-0.004613029566666667,-0.0014316244333333332,-0.0018021037999999998
0.006815933533333333,-0.037787336666666664,-0.0046198322
0.020846632,-0.034969912,-0.0080139511
0.01007384729,-0.016404092633333336,-0.0008969241000000005
0.015812887566666666,-0.005821328166666666,-0.0005604455999999999
0.016586286366666664,-0.012862364359999998,-0.0089273254
0.025930628333333334,-0.010439212849999999,0.004096402866666666
0.0015443534999999998,-0.0009335811000000001,-0.0010052961666666667
0.02989249266666667,-0.018318541066666666,-0.0009894820333333336
0.021160132433333336,-0.017334025,0.002238306286666667
0.024713848800000004,-0.008349889466666668,0.0019671961566666667
-0.0095446286,-0.010941514333333333,-0.0031377389000000005
0.006836808333333333,-0.002986211713333333,-0.004927737466666666
-0.005527576566666667,0.0016995447,-0.005309679800000001
-0.005683505666666667,-0.0081670747,-0.007941828866666667
0.004138858333333333,-0.007726540599999999,0.0013871150333333332
0.010448858800000002,-0.004803441966666666,-0.0006774009999999999
-0.008781205299999999,-0.022927612,-0.0026612857
0.024515768000000004,-0.0037776980000000008,0.0063504191333333335
0.030594685333333333,-0.019833014,-0.00110196648
0.0037316693333333344,-0.015466119833333335,-0.0032849306333333334
0.0192061194,-0.019615209666666668,-0.0005762458666666668
0.0034331590000000003,-0.019378013666666666,-0.0027248252133333334
0.022705198666666666,-0.025967188333333335,-0.005646020696666667
0.007976808733333333,-0.006001809033333334,0.005593264433333334
0.004471633066666667,-0.015934233933333333,-0.0032276946666666665
0.05075336666666667,-0.0003430926999999998,0.012027822333333334
0.020082829,-0.01009016,0.005169034941666667
-0.008987397833333332,-0.006727416176666667,-0.0066899016
0.009288290000000001,-0.016008193033333333,-0.0027043683333333336
0.004981189533333334,-0.021329615,-0.007900392933333333
0.02973690733333333,-0.015376264533333335,0.0006695688000000003
-0.0186841665,-0.010011057533333334,-0.01054937132
-0.01186363533333333,-0.03762377066666667,-0.016778220666666666
0.015214832166666666,-0.015939011566666664,-0.0031685780466666666
0.043827185666666664,-0.0157840782,0.006797590133333334
0.017306198666666665,0.009170869666666666,0.0039525244
0.023409838333333335,-0.018707381333333335,0.0005388496666666667
0.019536762,-0.015754614,-7.290900000000236e-06
0.020016956833333332,-0.0002840890000000001,0.0030969907333333337
0.048247710666666666,-0.0033958771999999995,0.008248575
0.006736796199999999,-0.011650754833333334,-0.00020516476666666635
-0.009357236,-0.010922688166666666,-0.0025046934333333333
0.026074494066666665,0.004714317399999999,0.0020214312000000003
-0.007563671666666666,-0.011607479933333333,-0.005389850966666668
0.03303972433333333,-0.022359936733333332,0.00207729025
0.04646127866666667,-0.002305342166666667,0.0093482322
0.014465674900000001,-0.0023886096666666675,-0.0030434590999999997
0.012470019733333332,-0.017276833000000002,-0.0042460245500000006
-0.026190901333333332,-0.0008326978000000002,-0.00569898775
0.009999432099999999,-0.021781221933333334,-0.007645966666666667
0.008486701466666668,-0.017015074,-0.0092761624
0.008050505199999999,-0.015947064,0.0005755791666666668
0.003926831900000001,-0.007835149126666668,-0.0062663910000000005
0.000996134433333333,0.0074850581666666685,-0.0008267903333333333
0.037580492666666666,-0.019253365856666666,2.935916666666679e-06
0.012878001200000001,-0.019895119000000003,-0.0009632273000000005
0.002282259866666666,-0.0045700052,0.0022283849866666667
0.01874728746666667,-0.021556357666666665,-0.006389334833333334
0.033438522,-0.0006867231999999997,0.0026013221466666668
0.025053823,0.00018524366666666675,0.007936642133333333
0.009110753333333334,-0.008458432666666666,-0.0023456680333333335
-0.011322816333333333,-0.006161533233333333,-0.0033769809000000002
0.03960646166666667,-0.036199955666666665,-0.0018813627666666667
-0.002786305499999999,-0.007257175833333333,-0.0023489575666666668
0.0015030385666666667,-0.019113992666666666,-0.005973021833333332
0.005982939933333334,-0.013912831199999998,-0.01053390881
0.05339628233333333,0.009184712999999999,0.010635169166666666
-0.0009660839999999995,0.0042805748333333326,0.002700102666666667
-0.013556046066666666,-0.029551334333333335,-0.011671669666666667
0.0175248858,-0.013811928666666667,-0.0022840319333333335
-0.00673990024,-0.0037797702333333336,-0.0018382436666666661
0.002850149866666667,-0.011702285083333333,-0.00341765954
0.006453326,-0.023436992333333333,-0.003809007266666667
0.046267671666666656,-0.011682472666666666,0.007202337530000001
0.008421586666666668,-0.016062467766666668,-0.0010729897
0.04732847733333334,-0.0147750579,0.007938259
-0.0032175777566666665,-0.009529313983333334,-0.00446061001
0.0144820269,-0.015375017999999999,-0.0009824853666666666
0.0027148010666666667,-0.03249539333333333,-0.00822398834
-0.01961989713333333,-0.011991538533333334,-0.005350385833333333
-0.007867406833333333,-0.0058017691666666675,-0.008050739333333333
0.011597174099999998,-0.02480845233333334,-0.0061212016
0.006036873245333334,-0.0077407382,-0.0033978357266666666
-0.0107397449,-0.02964916066666667,-0.009010954
0.004172222166666666,-0.02313386666666667,-0.003773076293333333
0.002480522420000001,-0.021519151333333333,-0.008071137033333333
0.0178076258,-0.007015745666666667,0.0010421468333333336
0.020558466766666665,-0.014151790973333333,-0.0009232281666666665
0.0161239507,-0.0058724782000000005,0.0005301168333333332
0.03727654233333333,0.007026531999999999,0.0091050185
-0.020073582866666665,0.005379396533333334,-0.006988089833333333
0.019524146000000003,-0.015939546333333332,0.0018728316666666665
0.0307636189,0.003562952666666666,0.0053976672
0.0036951829866666668,-0.003802845133333333,-0.0014948087746666668
0.010170358,-0.029568569500000003,-0.007334091246666666
0.037910279,-0.016149321,7.016665333333333e-05
0.028124098833333333,-0.0005383107333333329,0.002463775666666667
0.012753654733333333,-0.029133687666666668,-0.011023169766666667
0.023133537666666665,-0.010181133466666666,-0.0018645132333333333
0.007169627366666667,-0.03071418566666667,-0.0026587749666666665
-0.0053023655866666665,0.008639036766666669,0.0018312718666666668
-0.006447661666666667,-0.011000649900000001,-0.0064583184266666675
0.0028390769766666667,-0.012024252,-0.0018623017866666667
0.017474559266666665,-0.015947215333333334,-0.0007456587666666665
0.005649151333333334,-0.007580011413333334,-0.003393209386666667
0.04386703,-0.008354490333333334,0.008424991366666667
0.011144209333333334,-0.008849951100000001,0.0018723505
0.015444096666666665,-0.020867072666666667,0.00023366929999999996
0.015875734966666666,-0.0038878396666666665,0.004330673983333333
0.023746703666666664,-0.022546940333333335,-0.004275588066666666
0.007061641033333333,-0.04019072826666667,-0.011648978616666666
-0.0020700853333333346,-0.028081534666666668,-0.010951546333333333
0.03344306613333333,-0.022784396,0.0013262534666666666
-0.0016399814999999995,-0.008411423233333333,-0.006053471733333333
0.03369170833333333,-0.013586622533333334,0.0026968993666666666
-0.0023621260333333335,0.010420395399999999,-0.0019355270275
0.002447308766666667,-0.00032206933333333204,-0.0003927996700000002
0.03637760566666667,-0.0223178118,0.003333358766666666
0.03252685,-0.006605889216666667,0.004475368866666667
0.033554962,0.014697661700000001,0.0015598291
0.023478256000000003,-0.014888472966666668,-0.004179522966666667
0.010039128166666668,-0.013697075733333333,-0.0035669988333333334
0.008001530266666666,-0.005957205833333333,1.2867533333333256e-05
0.017075907666666668,-0.012144122066666665,0.004131629733333334
0.010276025733333333,-0.005850349846666668,-0.0039256062999999996
0.0008603756666666675,-0.026454791333333328,-0.003947871776666666
0.057098317333333336,-0.0012960934333333337,0.006367739033333333
0.05049401033333334,0.009439457333333333,0.0030633272999999995
0.011499148733333334,-0.0007582994666666667,-0.0006498018666666667
0.0266048519,-0.030225501999999998,-0.006131490666666667
0.016088220233333332,-0.014583263666666665,0.0018166310666666667
-0.0010388368300000006,0.004653296533333334,-0.0011491446333333334
0.023354537666666664,-0.0008652863,0.00429054192
0.017318280199999998,-0.016438321433333333,-0.0007411986666666668
-0.0011391419666666666,0.007242958420000001,-0.00412745331
-0.008924141443333332,-0.02261120633333333,-0.0067590456
0.03847224466666666,-0.021614600666666667,0.0066724934333333335
0.025874744,-0.011568085866666666,0.0037497785
0.025430133333333337,-0.00022944406666666693,0.006145228433333333
0.018309246716666668,-0.0117898876,-0.0001640368666666666
0.015456176266666668,-0.003461283566666666,0.0022094494
0.014227128433333333,-0.005647409466666666,0.0009254397666666666
0.028822115333333332,0.0057581996666666675,0.013266948666666667
0.011162984816666666,-0.012987737333333332,-0.0011281584000000001
-0.003412134533333333,-0.008376138,-0.0020802352666666663
-0.007425311633333333,-0.009235709833333333,-0.005175533666666667
0.035581624,-0.022658349333333338,0.0058928969
0.04459357333333333,0.007536551933333333,0.010734196566666666
0.028656235000000002,-0.004743936333333333,0.004907873266666667
0.016107207333333335,-0.006424966066666667,0.0010826436666666666
-0.006535665666666665,-0.033994583333333335,-0.014247512833333332
-0.005081079866666667,-0.007131506366666668,-0.006376381786666666
0.008937309200000002,-0.031633929166666665,-0.003267492666666666
-0.0004931778666666667,-0.0075133568,0.0014283792000000003
-0.015042580633333332,0.0020824279,-0.004786626233333334
0.004537876000000001,0.017649954333333332,0.008540377566666667
0.021574042333333335,-0.019652637100000002,0.006092639933333334
0.0019245367999999998,-0.0017834982333333332,0.0008132380966666667
-0.005068279,-0.0036300525899999997,-0.0012078700000000002
0.044037621,-0.01074993633333333,0.006719189176666667
-0.007837899666666667,-0.04991156966666666,-0.013046147666666667
0.020109683666666666,-0.004348338533333333,0.00027722113333333333
0.002972979276666667,-0.0040192288999999996,-0.0022705980833333337
0.011233955666666668,-0.039369580999999994,-0.010366772466666667
0.0047289907666666665,-0.0116336126,0.003768457733333333
0.03125756666666666,-0.008343057233333333,0.0019519614666666666
0.013477330833333334,-0.019731593000000002,0.0021606520000000003
0.020748847233333336,-0.02892839733333333,-0.0010290090000000002
0.035931866666666666,-0.0013751606333333333,0.006458059333333333
-0.010839729266666667,-0.014404960133333334,-0.005421676900000001
-0.004494289666666666,-0.0059627183,-0.0017930781666666666
0.0199167742,-0.01941770656666667,0.0014928132
0.0061628103333333335,-0.0082027035,-0.007197228663333333
0.00917371428,-0.033428165,-0.015002521133333334
-0.006346769539999999,-0.0033579798333333334,-0.0028040542666666664
0.019777561833333335,-0.015035748000000002,-0.004931225133333334
-0.0027527406666666664,-0.012449796266666667,-0.0007669921999999997
0.027997406166666666,-0.011821477133333334,-0.0013358728000000002
0.016911222643333335,-0.021692723666666667,-0.0019521263499999997
0.0051429729,-0.007159360333333333,-0.0018226014333333335
0.015295619000000002,-0.015183349666666665,-0.0053728639
0.021266139599999997,-0.010318648666666666,0.00022560699999999977
0.009298686523333334,-0.030744457,-0.006708772733333333
0.0256464205,-0.015419586499999999,-0.0012002162766666666
-0.021682064333333334,-0.019386304666666663,-0.0060971118999999995
-0.005826978433333334,-0.012346814866666667,-0.008013941200000001
0.030134094333333333,-0.016826284,-0.0019075782
0.028308615666666665,0.008398746666666667,0.005969642866666666
-0.014356120066666667,-0.012510373133333334,-0.006332212566666666
0.020532465133333334,-0.007895122433333334,0.0028043303333333326
0.0195798108,-0.021503683333333332,-0.004913180800000001
0.04386734166666667,0.003645339113333333,0.007517365366666667
-0.0023725419999999996,-0.009910997366666667,-0.005655340933333333
0.011385847233333335,-0.0099949899,-0.005999074066666666
-0.003127405000000001,-0.009056579033333333,-0.008681415666666666
0.014985434333333334,-0.016369967333333336,-0.0048733107
0.03205491433333333,0.0054724881,0.010321571
0.002153366666666668,-0.026350154,-0.009064019666666668
0.01901268249,-0.0025032241333333336,0.007034722966666666
0.007488400310000001,-0.028046017666666662,-0.011547561999999999
0.0025759967999999995,-0.008862485366666666,-0.0021255701233333334
0.01167695859,-0.00478488,0.0021989764333333332
0.015070334333333333,-0.008086242333333334,0.0002874313333333332
0.05857690200000001,-0.005734920533333334,0.013468713333333332
0.0004564044666666666,-0.004641763666666667,0.0003737413166666666
0.00423592561,-0.0012895479333333334,-0.0018390435066666666
0.025584657333333333,-0.0063137028,0.0007833273333333335
-0.020288767666666666,0.0030579294333333332,-0.0031789217666666667
-0.0009915530333333335,-0.008571141566666668,-0.004594982466666667
0.032186338,0.0083584735,0.002812794123333333
-0.007030788576666666,-0.02053645797666667,-0.008394227533333333
0.03178827633333334,-0.00016950853333333343,-3.4461580000000096e-05
-0.0036914222666666664,-0.005524247166666666,-0.0060254134666666665
0.0005412606666666669,-0.013489064766666668,-0.0016648953000000008
0.014113572833333332,-0.010354658613333333,-0.002039867533333333
0.010864677333333335,-0.013257307133333333,-0.002670627366666667
0.019983694,0.002059594,0.002549239
0.039663467833333334,-0.0006172568666666668,0.0061015035333333335
-0.009760841786666667,-0.024973904800000002,-0.006318348933333333
-0.021995096766666666,-0.005204543166666666,-0.009673860066666666
0.011579328533333334,0.01746173356666667,0.007151435483333334
-0.011267223666666666,0.0017912041933333333,-8.326113333333351e-05
0.019853600666666665,-0.0086615822,0.0003326140000000002
0.012444416,0.0014853321666666664,0.0028473798666666665
0.006450169533333334,-0.004689951499999999,-0.0006477182666666668
-0.0046878575,-0.017852602,-0.0038594583333333332
0.0019931783466666663,-0.013160713566666668,0.005773433253333334
0.027767778333333337,-0.0019375156866666668,0.0007962007333333332
0.0004014888333333331,-0.007984526333333334,-0.006098963733333333
-0.007133854000000001,-0.032640859,-0.011694616666666666
0.017931040166666665,-0.024993195333333332,-0.007089785833333334
-0.011233075099999998,-0.0024284798599999995,-0.0064319304
-0.00865600364,-0.01866878283333333,-0.003935649966666666
0.030793715666666666,0.008610139866666667,-0.006636172553333333
-0.0057477653333333325,-0.00024195699999999924,-0.0023192311333333332
-0.011971668333333336,-0.021179434,-0.002721541666666667
0.006234810666666667,-0.00023564100000000054,-0.001640381833333333
-0.005524303666666667,-0.005372236066666667,-0.0035499378
0.033973916,-0.0147101201,0.00026217686666666663
0.0022413556666666667,-0.03145243166666666,-0.005323893043333333
-0.007509387566666667,-0.013424788683333333,-0.007537740766666666
0.012060475866666665,-0.010219192299999999,-0.0023422535
0.016341689333333333,-0.014082397666666665,-0.0032776702333333334
0.04514516066666666,-0.03125615933333333,0.00021953169999999975
0.03748509319999999,-0.007417803033333333,0.0063279109
0.0080601569,-0.023711199333333332,-0.006614770046666667
0.009157421966666668,-0.026941320666666668,-0.004913329633333334
-0.007546920999999998,-0.015935862633333336,-0.012070370266666667
0.014855608936666667,-0.037509142333333335,-0.002069620133333333
